Order Line,Order ID,Category,Product Name,Ordered Date,Ordered Time,Payment status,Ship_time Details,Quantity,Discount,Shipping Address,Customer Feedback
1,RY3479  ,Furniture,Dining Table,7/21/2022,16:46:23,TRUE,7/23/2022 10:20,1,11.5,"13/A, Jiant Colony,Bangalore - 560046","The Table is very comforatble and satisfied our expectation, Thankyou for the timely delivery"
2,TX4526  ,Mobile,Realme 9Pro,8/12/2022,12:34:12,TRUE,8/14/2022 9:50,2,8,"21/C, S.S.Nagar, Hyderabad - 500016","Most Satisfied, excellent quality"
3,QW7634  ,Mobile,Redmi 11,7/2/2022,11:30:22,TRUE,7/4/2022 18:23,1,5,"68, Shanti nagar, Hyderabad - 500006",High Quality
4,YU5342  ,Earphones,Boat 199,6/25/2022,10:12:23,TRUE,6/26/2022 20:00,3,9.5,"7/1 DJ colony, Bangalore - 560016",Most Satisfied
5,IP9078  ,Home Decor,Dream Catcher,8/17/2022,12:56:02,FALSE,8/19/2022 16:30,5,3.7,"67, Jaya Nagar, Chennai - 600003",Very Nice
6,TE4327  ,Electronic Item,Mobile Charger,9/20/2022,15:44:02,TRUE,9/22/2022 12:33,2,0,"3/D2, AGR Colony, Andhra - 515045",Working good
7,PP3410  ,Dress,Kurti_Women,4/21/2022,14:04:11,FALSE,4/22/2022 19:30,2,15.5,"32, SK Nagar, Andhra - 515011",Beautiful and good material
8,KM908   ,Accessories,Bangles,8/19/2022,16:21:09,TRUE,8/21/2022 11:50,5,7,"A3 block, S.S, MG Colony, Chennai - 600003",Expectation satisfied
9,UI786   ,Shoes,Adidas_Men,7/7/2022,15:01:11,TRUE,7/8/2022 17:50,1,4.8,"4, Kamarajpuram, Telangana - 508216",Comfortable
10,WR341   ,Furniture,Sofa,9/14/2022,19:56:07,FALSE,9/17/2022 14:30,1,5.7,"45/D, Abhyank Nagar, Nagpur - 440005",Nice and Comfortable
11,KL9001  ,Mobile,Realme 10Pro,5/30/2022,22:12:37,TRUE,6/1/2022 9:40,3,10,"C/7, NG colony, Pune - 411020",Good Quality
